0,['ShitNsSay'],year
1,['ShitNsSay'],day
2,['ShitNsSay'],baby
3,['ShitNsSay'],send
4,['ShitNsSay'],comedy
5,['ShitNsSay'],child
6,['ShitNsSay'],mom
7,['ShitNsSay'],drug
8,['ShitNsSay'],friend
9,['ShitNsSay'],advantage
10,['ShitNsSay'],time
11,['ShitNsSay'],cover
12,['ShitNsSay'],happen
13,['ShitNsSay'],delete
14,['ShitNsSay'],tarp
15,['ShitNsSay'],cat
16,['ShitNsSay'],start
17,['ShitNsSay'],child
18,['ShitNsSay'],literally
19,['ShitNsSay'],wrong
0,['NeoFAG'],people
1,['NeoFAG'],game
2,['NeoFAG'],real
3,['NeoFAG'],delete
4,['NeoFAG'],shit
5,['NeoFAG'],thread
6,['NeoFAG'],post
7,['NeoFAG'],good
8,['NeoFAG'],ban
9,['NeoFAG'],ve
10,['NeoFAG'],woman
11,['NeoFAG'],bad
12,['NeoFAG'],thread
13,['NeoFAG'],people
14,['NeoFAG'],man
15,['NeoFAG'],black
16,['NeoFAG'],shit
17,['NeoFAG'],call
18,['NeoFAG'],guy
19,['NeoFAG'],day
0,['Trans_fags'],people
1,['Trans_fags'],delete
2,['Trans_fags'],guy
3,['Trans_fags'],shit
4,['Trans_fags'],call
5,['Trans_fags'],gaf
6,['Trans_fags'],woman
7,['Trans_fags'],game
8,['Trans_fags'],post
9,['Trans_fags'],real
10,['Trans_fags'],thread
11,['Trans_fags'],woman
12,['Trans_fags'],people
13,['Trans_fags'],bad
14,['Trans_fags'],year
15,['Trans_fags'],money
16,['Trans_fags'],game
17,['Trans_fags'],post
18,['Trans_fags'],black
19,['Trans_fags'],gaffot
0,['GreatApes'],nigger
1,['GreatApes'],delete
2,['GreatApes'],people
3,['GreatApes'],black
4,['GreatApes'],white
5,['GreatApes'],work
6,['GreatApes'],time
7,['GreatApes'],pretty
8,['GreatApes'],man
9,['GreatApes'],day
10,['GreatApes'],black
11,['GreatApes'],slave
12,['GreatApes'],people
13,['GreatApes'],nigger
14,['GreatApes'],mention
15,['GreatApes'],shit
16,['GreatApes'],oo
17,['GreatApes'],country
18,['GreatApes'],history
19,['GreatApes'],african
0,['ShitNsSay'],delete
1,['ShitNsSay'],nigger
2,['ShitNsSay'],people
3,['ShitNsSay'],black
4,['ShitNsSay'],white
5,['ShitNsSay'],time
6,['ShitNsSay'],work
7,['ShitNsSay'],slave
8,['ShitNsSay'],race
9,['ShitNsSay'],wrong
10,['ShitNsSay'],nigger
11,['ShitNsSay'],people
12,['ShitNsSay'],black
13,['ShitNsSay'],live
14,['ShitNsSay'],shit
15,['ShitNsSay'],white
16,['ShitNsSay'],year
17,['ShitNsSay'],mention
18,['ShitNsSay'],country
19,['ShitNsSay'],human
0,['NeoFAG'],nigger
1,['NeoFAG'],people
2,['NeoFAG'],black
3,['NeoFAG'],white
4,['NeoFAG'],time
5,['NeoFAG'],work
6,['NeoFAG'],shit
7,['NeoFAG'],ve
8,['NeoFAG'],real
9,['NeoFAG'],year
10,['NeoFAG'],delete
11,['NeoFAG'],people
12,['NeoFAG'],post
13,['NeoFAG'],shit
14,['NeoFAG'],thread
15,['NeoFAG'],black
16,['NeoFAG'],good
17,['NeoFAG'],day
18,['NeoFAG'],video
19,['NeoFAG'],bad
0,['GreatApes'],nigger
1,['GreatApes'],delete
2,['GreatApes'],people
3,['GreatApes'],black
4,['GreatApes'],white
5,['GreatApes'],work
6,['GreatApes'],time
7,['GreatApes'],pretty
8,['GreatApes'],man
9,['GreatApes'],day
10,['GreatApes'],black
11,['GreatApes'],slave
12,['GreatApes'],people
13,['GreatApes'],nigger
14,['GreatApes'],mention
15,['GreatApes'],shit
16,['GreatApes'],oo
17,['GreatApes'],country
18,['GreatApes'],history
19,['GreatApes'],african
0,['ShitNsSay'],delete
1,['ShitNsSay'],nigger
2,['ShitNsSay'],people
3,['ShitNsSay'],black
4,['ShitNsSay'],white
5,['ShitNsSay'],time
6,['ShitNsSay'],work
7,['ShitNsSay'],slave
8,['ShitNsSay'],race
9,['ShitNsSay'],wrong
10,['ShitNsSay'],nigger
11,['ShitNsSay'],people
12,['ShitNsSay'],black
13,['ShitNsSay'],live
14,['ShitNsSay'],shit
15,['ShitNsSay'],white
16,['ShitNsSay'],year
17,['ShitNsSay'],mention
18,['ShitNsSay'],country
19,['ShitNsSay'],human
0,['NeoFAG'],nigger
1,['NeoFAG'],people
2,['NeoFAG'],black
3,['NeoFAG'],white
4,['NeoFAG'],time
5,['NeoFAG'],work
6,['NeoFAG'],shit
7,['NeoFAG'],ve
8,['NeoFAG'],real
9,['NeoFAG'],year
10,['NeoFAG'],delete
11,['NeoFAG'],people
12,['NeoFAG'],post
13,['NeoFAG'],shit
14,['NeoFAG'],thread
15,['NeoFAG'],black
16,['NeoFAG'],good
17,['NeoFAG'],day
18,['NeoFAG'],video
19,['NeoFAG'],bad
0,['CoonTown'],black
1,['CoonTown'],people
2,['CoonTown'],white
3,['CoonTown'],nigger
4,['CoonTown'],start
5,['CoonTown'],call
6,['CoonTown'],race
7,['CoonTown'],time
8,['CoonTown'],woman
9,['CoonTown'],work
10,['CoonTown'],nigger
11,['CoonTown'],white
12,['CoonTown'],man
13,['CoonTown'],people
14,['CoonTown'],year
15,['CoonTown'],good
16,['CoonTown'],rape
17,['CoonTown'],woman
18,['CoonTown'],bad
19,['CoonTown'],care
20,['CoonTown'],people
21,['CoonTown'],black
22,['CoonTown'],white
23,['CoonTown'],woman
24,['CoonTown'],call
25,['CoonTown'],racist
26,['CoonTown'],read
27,['CoonTown'],comment
28,['CoonTown'],child
29,['CoonTown'],shit
30,['CoonTown'],delete
31,['CoonTown'],black
32,['CoonTown'],nigger
33,['CoonTown'],people
34,['CoonTown'],white
35,['CoonTown'],crime
36,['CoonTown'],hate
37,['CoonTown'],shit
38,['CoonTown'],time
39,['CoonTown'],race
40,['CoonTown'],nigger
41,['CoonTown'],good
42,['CoonTown'],time
43,['CoonTown'],people
44,['CoonTown'],kid
45,['CoonTown'],shit
46,['CoonTown'],mention
47,['CoonTown'],liberal
48,['CoonTown'],job
49,['CoonTown'],kill
50,['CoonTown'],nigger
51,['CoonTown'],people
52,['CoonTown'],white
53,['CoonTown'],black
54,['CoonTown'],work
55,['CoonTown'],bad
56,['CoonTown'],jewish
57,['CoonTown'],link
58,['CoonTown'],post
59,['CoonTown'],day
0,['Trans_fags'],nigger
1,['Trans_fags'],black
2,['Trans_fags'],people
3,['Trans_fags'],white
4,['Trans_fags'],delete
5,['Trans_fags'],call
6,['Trans_fags'],race
7,['Trans_fags'],bad
8,['Trans_fags'],time
9,['Trans_fags'],good
10,['Trans_fags'],people
11,['Trans_fags'],white
12,['Trans_fags'],black
13,['Trans_fags'],nigger
14,['Trans_fags'],man
15,['Trans_fags'],shit
16,['Trans_fags'],woman
17,['Trans_fags'],work
18,['Trans_fags'],post
19,['Trans_fags'],good
0,['FatPersonsHate'],black
1,['FatPersonsHate'],nigger
2,['FatPersonsHate'],people
3,['FatPersonsHate'],white
4,['FatPersonsHate'],call
5,['FatPersonsHate'],race
6,['FatPersonsHate'],bad
7,['FatPersonsHate'],time
8,['FatPersonsHate'],good
9,['FatPersonsHate'],year
10,['FatPersonsHate'],white
11,['FatPersonsHate'],people
12,['FatPersonsHate'],man
13,['FatPersonsHate'],black
14,['FatPersonsHate'],woman
15,['FatPersonsHate'],time
16,['FatPersonsHate'],day
17,['FatPersonsHate'],live
18,['FatPersonsHate'],shit
19,['FatPersonsHate'],percent
20,['FatPersonsHate'],black
21,['FatPersonsHate'],white
22,['FatPersonsHate'],people
23,['FatPersonsHate'],nigger
24,['FatPersonsHate'],man
25,['FatPersonsHate'],time
26,['FatPersonsHate'],race
27,['FatPersonsHate'],jewish
28,['FatPersonsHate'],point
29,['FatPersonsHate'],woman
30,['FatPersonsHate'],nigger
31,['FatPersonsHate'],people
32,['FatPersonsHate'],white
33,['FatPersonsHate'],post
34,['FatPersonsHate'],black
35,['FatPersonsHate'],racist
36,['FatPersonsHate'],work
37,['FatPersonsHate'],link
38,['FatPersonsHate'],man
39,['FatPersonsHate'],shit
40,['FatPersonsHate'],delete
41,['FatPersonsHate'],nigger
42,['FatPersonsHate'],people
43,['FatPersonsHate'],white
44,['FatPersonsHate'],video
45,['FatPersonsHate'],bad
46,['FatPersonsHate'],hate
47,['FatPersonsHate'],black
48,['FatPersonsHate'],good
49,['FatPersonsHate'],read
50,['FatPersonsHate'],nigger
51,['FatPersonsHate'],rape
52,['FatPersonsHate'],white
53,['FatPersonsHate'],shit
54,['FatPersonsHate'],black
55,['FatPersonsHate'],problem
56,['FatPersonsHate'],guy
57,['FatPersonsHate'],ve
58,['FatPersonsHate'],gun
59,['FatPersonsHate'],good
0,['Incels'],delete
1,['Incels'],people
2,['Incels'],black
3,['Incels'],nigger
4,['Incels'],white
5,['Incels'],remove
6,['Incels'],girl
7,['Incels'],woman
8,['Incels'],sex
9,['Incels'],ve
10,['Incels'],people
11,['Incels'],woman
12,['Incels'],nigger
13,['Incels'],good
14,['Incels'],work
15,['Incels'],shit
16,['Incels'],white
17,['Incels'],man
18,['Incels'],bad
19,['Incels'],black
20,['Incels'],woman
21,['Incels'],man
22,['Incels'],people
23,['Incels'],guy
24,['Incels'],time
25,['Incels'],nigger
26,['Incels'],feel
27,['Incels'],black
28,['Incels'],find
29,['Incels'],live
0,['fatpeoplehate'],fat
1,['fatpeoplehate'],people
2,['fatpeoplehate'],delete
3,['fatpeoplehate'],eat
4,['fatpeoplehate'],time
5,['fatpeoplehate'],fatty
6,['fatpeoplehate'],work
7,['fatpeoplehate'],ve
8,['fatpeoplehate'],weight
9,['fatpeoplehate'],food
10,['fatpeoplehate'],fat
11,['fatpeoplehate'],eat
12,['fatpeoplehate'],people
13,['fatpeoplehate'],body
14,['fatpeoplehate'],feel
15,['fatpeoplehate'],love
16,['fatpeoplehate'],thing
17,['fatpeoplehate'],weight
18,['fatpeoplehate'],size
19,['fatpeoplehate'],guy
0,['HamPlanetHatred'],people
1,['HamPlanetHatred'],fat
2,['HamPlanetHatred'],eat
3,['HamPlanetHatred'],woman
4,['HamPlanetHatred'],post
5,['HamPlanetHatred'],time
6,['HamPlanetHatred'],weight
7,['HamPlanetHatred'],work
8,['HamPlanetHatred'],body
9,['HamPlanetHatred'],year
10,['HamPlanetHatred'],delete
11,['HamPlanetHatred'],fat
12,['HamPlanetHatred'],fatty
13,['HamPlanetHatred'],ve
14,['HamPlanetHatred'],care
15,['HamPlanetHatred'],good
16,['HamPlanetHatred'],comment
17,['HamPlanetHatred'],feel
18,['HamPlanetHatred'],post
19,['HamPlanetHatred'],thing
20,['HamPlanetHatred'],fat
21,['HamPlanetHatred'],people
22,['HamPlanetHatred'],eat
23,['HamPlanetHatred'],ve
24,['HamPlanetHatred'],thing
25,['HamPlanetHatred'],shit
26,['HamPlanetHatred'],life
27,['HamPlanetHatred'],food
28,['HamPlanetHatred'],work
29,['HamPlanetHatred'],bad
30,['HamPlanetHatred'],fat
31,['HamPlanetHatred'],people
32,['HamPlanetHatred'],weight
33,['HamPlanetHatred'],good
34,['HamPlanetHatred'],work
35,['HamPlanetHatred'],fatty
36,['HamPlanetHatred'],bitch
37,['HamPlanetHatred'],call
38,['HamPlanetHatred'],lose
39,['HamPlanetHatred'],start
40,['HamPlanetHatred'],fat
41,['HamPlanetHatred'],people
42,['HamPlanetHatred'],size
43,['HamPlanetHatred'],fatty
44,['HamPlanetHatred'],body
45,['HamPlanetHatred'],picture
46,['HamPlanetHatred'],love
47,['HamPlanetHatred'],girl
48,['HamPlanetHatred'],day
49,['HamPlanetHatred'],wear
50,['HamPlanetHatred'],fat
51,['HamPlanetHatred'],feel
52,['HamPlanetHatred'],remove
53,['HamPlanetHatred'],time
54,['HamPlanetHatred'],submission
55,['HamPlanetHatred'],message
56,['HamPlanetHatred'],moderator
57,['HamPlanetHatred'],reason
58,['HamPlanetHatred'],error
59,['HamPlanetHatred'],removal
0,['GreatApes'],people
1,['GreatApes'],fat
2,['GreatApes'],fatty
3,['GreatApes'],eat
4,['GreatApes'],time
5,['GreatApes'],day
6,['GreatApes'],post
7,['GreatApes'],hate
8,['GreatApes'],shit
9,['GreatApes'],think
10,['GreatApes'],fat
11,['GreatApes'],delete
12,['GreatApes'],eat
13,['GreatApes'],people
14,['GreatApes'],ve
15,['GreatApes'],time
16,['GreatApes'],work
17,['GreatApes'],feel
18,['GreatApes'],good
19,['GreatApes'],weight
0,['ShitNsSay'],delete
1,['ShitNsSay'],feel
2,['ShitNsSay'],bad
3,['ShitNsSay'],fat
4,['ShitNsSay'],good
5,['ShitNsSay'],love
6,['ShitNsSay'],remove
7,['ShitNsSay'],pretty
8,['ShitNsSay'],ve
9,['ShitNsSay'],time
10,['ShitNsSay'],fat
11,['ShitNsSay'],people
12,['ShitNsSay'],eat
13,['ShitNsSay'],time
14,['ShitNsSay'],weight
15,['ShitNsSay'],food
16,['ShitNsSay'],shit
17,['ShitNsSay'],fatty
18,['ShitNsSay'],day
19,['ShitNsSay'],lose
20,['ShitNsSay'],fat
21,['ShitNsSay'],people
22,['ShitNsSay'],fatty
23,['ShitNsSay'],body
24,['ShitNsSay'],work
25,['ShitNsSay'],life
26,['ShitNsSay'],time
27,['ShitNsSay'],ve
28,['ShitNsSay'],healthy
29,['ShitNsSay'],fit
0,['NeoFAG'],fat
1,['NeoFAG'],people
2,['NeoFAG'],shit
3,['NeoFAG'],post
4,['NeoFAG'],body
5,['NeoFAG'],size
6,['NeoFAG'],hate
7,['NeoFAG'],fatty
8,['NeoFAG'],man
9,['NeoFAG'],bad
10,['NeoFAG'],people
11,['NeoFAG'],eat
12,['NeoFAG'],feel
13,['NeoFAG'],fat
14,['NeoFAG'],weight
15,['NeoFAG'],ve
16,['NeoFAG'],good
17,['NeoFAG'],time
18,['NeoFAG'],calorie
19,['NeoFAG'],fatty
20,['NeoFAG'],delete
21,['NeoFAG'],fat
22,['NeoFAG'],time
23,['NeoFAG'],work
24,['NeoFAG'],woman
25,['NeoFAG'],fatty
26,['NeoFAG'],good
27,['NeoFAG'],year
28,['NeoFAG'],ve
29,['NeoFAG'],guy
0,['CoonTown'],fat
1,['CoonTown'],people
2,['CoonTown'],hate
3,['CoonTown'],child
4,['CoonTown'],shit
5,['CoonTown'],ban
6,['CoonTown'],year
7,['CoonTown'],man
8,['CoonTown'],start
9,['CoonTown'],black
10,['CoonTown'],people
11,['CoonTown'],black
12,['CoonTown'],fat
13,['CoonTown'],white
14,['CoonTown'],nigger
15,['CoonTown'],ve
16,['CoonTown'],time
17,['CoonTown'],eat
18,['CoonTown'],man
19,['CoonTown'],guy
20,['CoonTown'],nigger
21,['CoonTown'],fat
22,['CoonTown'],feel
23,['CoonTown'],people
24,['CoonTown'],remove
25,['CoonTown'],love
26,['CoonTown'],work
27,['CoonTown'],size
28,['CoonTown'],message
29,['CoonTown'],hate
30,['CoonTown'],good
31,['CoonTown'],fat
32,['CoonTown'],people
33,['CoonTown'],weight
34,['CoonTown'],ve
35,['CoonTown'],feel
36,['CoonTown'],bad
37,['CoonTown'],lose
38,['CoonTown'],face
39,['CoonTown'],life
40,['CoonTown'],delete
41,['CoonTown'],fat
42,['CoonTown'],people
43,['CoonTown'],eat
44,['CoonTown'],time
45,['CoonTown'],body
46,['CoonTown'],post
47,['CoonTown'],woman
48,['CoonTown'],day
49,['CoonTown'],food
0,['Trans_fags'],delete
1,['Trans_fags'],people
2,['Trans_fags'],fat
3,['Trans_fags'],food
4,['Trans_fags'],ve
5,['Trans_fags'],fatty
6,['Trans_fags'],call
7,['Trans_fags'],work
8,['Trans_fags'],feel
9,['Trans_fags'],black
10,['Trans_fags'],people
11,['Trans_fags'],fat
12,['Trans_fags'],post
13,['Trans_fags'],nigger
14,['Trans_fags'],hate
15,['Trans_fags'],care
16,['Trans_fags'],ban
17,['Trans_fags'],feel
18,['Trans_fags'],time
19,['Trans_fags'],remove
20,['Trans_fags'],people
21,['Trans_fags'],fat
22,['Trans_fags'],white
23,['Trans_fags'],black
24,['Trans_fags'],nigger
25,['Trans_fags'],bad
26,['Trans_fags'],time
27,['Trans_fags'],man
28,['Trans_fags'],life
29,['Trans_fags'],pretty
30,['Trans_fags'],fat
31,['Trans_fags'],eat
32,['Trans_fags'],people
33,['Trans_fags'],shit
34,['Trans_fags'],day
35,['Trans_fags'],time
36,['Trans_fags'],weight
37,['Trans_fags'],good
38,['Trans_fags'],work
39,['Trans_fags'],comment
0,['FatPersonsHate'],people
1,['FatPersonsHate'],fat
2,['FatPersonsHate'],good
3,['FatPersonsHate'],time
4,['FatPersonsHate'],work
5,['FatPersonsHate'],man
6,['FatPersonsHate'],feel
7,['FatPersonsHate'],black
8,['FatPersonsHate'],girl
9,['FatPersonsHate'],find
10,['FatPersonsHate'],delete
11,['FatPersonsHate'],nigger
12,['FatPersonsHate'],eat
13,['FatPersonsHate'],fat
14,['FatPersonsHate'],shit
15,['FatPersonsHate'],life
16,['FatPersonsHate'],ass
17,['FatPersonsHate'],bad
18,['FatPersonsHate'],year
19,['FatPersonsHate'],love
20,['FatPersonsHate'],fat
21,['FatPersonsHate'],people
22,['FatPersonsHate'],woman
23,['FatPersonsHate'],fatty
24,['FatPersonsHate'],love
25,['FatPersonsHate'],hate
26,['FatPersonsHate'],man
27,['FatPersonsHate'],size
28,['FatPersonsHate'],ban
29,['FatPersonsHate'],post
30,['FatPersonsHate'],fat
31,['FatPersonsHate'],eat
32,['FatPersonsHate'],black
33,['FatPersonsHate'],people
34,['FatPersonsHate'],white
35,['FatPersonsHate'],ve
36,['FatPersonsHate'],bad
37,['FatPersonsHate'],time
38,['FatPersonsHate'],weight
39,['FatPersonsHate'],healthy
0,['Incels'],delete
1,['Incels'],fat
2,['Incels'],people
3,['Incels'],man
4,['Incels'],eat
5,['Incels'],woman
6,['Incels'],time
7,['Incels'],feel
8,['Incels'],shit
9,['Incels'],remove
10,['Incels'],people
11,['Incels'],fat
12,['Incels'],woman
13,['Incels'],good
14,['Incels'],ve
15,['Incels'],time
16,['Incels'],nigger
17,['Incels'],bad
18,['Incels'],girl
19,['Incels'],black
