0,['fatpeoplehate'],delete
1,['fatpeoplehate'],fat
2,['fatpeoplehate'],people
3,['fatpeoplehate'],post
4,['fatpeoplehate'],picture
5,['fatpeoplehate'],thing
6,['fatpeoplehate'],fatty
7,['fatpeoplehate'],comment
8,['fatpeoplehate'],time
9,['fatpeoplehate'],love
10,['fatpeoplehate'],fat
11,['fatpeoplehate'],people
12,['fatpeoplehate'],feel
13,['fatpeoplehate'],ve
14,['fatpeoplehate'],hate
15,['fatpeoplehate'],good
16,['fatpeoplehate'],eat
17,['fatpeoplehate'],fit
18,['fatpeoplehate'],size
19,['fatpeoplehate'],fatty
20,['fatpeoplehate'],eat
21,['fatpeoplehate'],fat
22,['fatpeoplehate'],man
23,['fatpeoplehate'],body
24,['fatpeoplehate'],live
25,['fatpeoplehate'],good
26,['fatpeoplehate'],food
27,['fatpeoplehate'],day
28,['fatpeoplehate'],care
29,['fatpeoplehate'],people
30,['fatpeoplehate'],fat
31,['fatpeoplehate'],people
32,['fatpeoplehate'],time
33,['fatpeoplehate'],girl
34,['fatpeoplehate'],eat
35,['fatpeoplehate'],body
36,['fatpeoplehate'],guy
37,['fatpeoplehate'],woman
38,['fatpeoplehate'],shit
39,['fatpeoplehate'],bad
40,['fatpeoplehate'],fat
41,['fatpeoplehate'],people
42,['fatpeoplehate'],eat
43,['fatpeoplehate'],work
44,['fatpeoplehate'],weight
45,['fatpeoplehate'],fatty
46,['fatpeoplehate'],long
47,['fatpeoplehate'],guy
48,['fatpeoplehate'],time
49,['fatpeoplehate'],face
0,['HamPlanetHatred'],people
1,['HamPlanetHatred'],fat
2,['HamPlanetHatred'],hate
3,['HamPlanetHatred'],feel
4,['HamPlanetHatred'],good
5,['HamPlanetHatred'],fatty
6,['HamPlanetHatred'],reason
7,['HamPlanetHatred'],post
8,['HamPlanetHatred'],remove
9,['HamPlanetHatred'],message
10,['HamPlanetHatred'],delete
11,['HamPlanetHatred'],fat
12,['HamPlanetHatred'],people
13,['HamPlanetHatred'],body
14,['HamPlanetHatred'],size
15,['HamPlanetHatred'],guy
16,['HamPlanetHatred'],work
17,['HamPlanetHatred'],big
18,['HamPlanetHatred'],weight
19,['HamPlanetHatred'],healthy
20,['HamPlanetHatred'],people
21,['HamPlanetHatred'],man
22,['HamPlanetHatred'],fat
23,['HamPlanetHatred'],eat
24,['HamPlanetHatred'],ve
25,['HamPlanetHatred'],guy
26,['HamPlanetHatred'],year
27,['HamPlanetHatred'],bad
28,['HamPlanetHatred'],hard
29,['HamPlanetHatred'],day
30,['HamPlanetHatred'],fat
31,['HamPlanetHatred'],eat
32,['HamPlanetHatred'],time
33,['HamPlanetHatred'],food
34,['HamPlanetHatred'],people
35,['HamPlanetHatred'],work
36,['HamPlanetHatred'],fatty
37,['HamPlanetHatred'],girl
38,['HamPlanetHatred'],weight
39,['HamPlanetHatred'],lose
40,['HamPlanetHatred'],fat
41,['HamPlanetHatred'],shit
42,['HamPlanetHatred'],people
43,['HamPlanetHatred'],day
44,['HamPlanetHatred'],ve
45,['HamPlanetHatred'],body
46,['HamPlanetHatred'],point
47,['HamPlanetHatred'],time
48,['HamPlanetHatred'],eat
49,['HamPlanetHatred'],bad
0,['GreatApes'],fat
1,['GreatApes'],people
2,['GreatApes'],fatty
3,['GreatApes'],man
4,['GreatApes'],bad
5,['GreatApes'],good
6,['GreatApes'],work
7,['GreatApes'],eat
8,['GreatApes'],body
9,['GreatApes'],woman
10,['GreatApes'],delete
11,['GreatApes'],people
12,['GreatApes'],fat
13,['GreatApes'],eat
14,['GreatApes'],time
15,['GreatApes'],feel
16,['GreatApes'],weight
17,['GreatApes'],hate
18,['GreatApes'],day
19,['GreatApes'],ve
0,['NeoFAG'],fat
1,['NeoFAG'],eat
2,['NeoFAG'],people
3,['NeoFAG'],ve
4,['NeoFAG'],work
5,['NeoFAG'],weight
6,['NeoFAG'],day
7,['NeoFAG'],time
8,['NeoFAG'],fatty
9,['NeoFAG'],food
10,['NeoFAG'],fat
11,['NeoFAG'],delete
12,['NeoFAG'],people
13,['NeoFAG'],feel
14,['NeoFAG'],good
15,['NeoFAG'],time
16,['NeoFAG'],shit
17,['NeoFAG'],eat
18,['NeoFAG'],body
19,['NeoFAG'],woman
0,['CoonTown'],delete
1,['CoonTown'],nigger
2,['CoonTown'],black
3,['CoonTown'],people
4,['CoonTown'],fat
5,['CoonTown'],white
6,['CoonTown'],hate
7,['CoonTown'],feel
8,['CoonTown'],body
9,['CoonTown'],reason
10,['CoonTown'],fat
11,['CoonTown'],people
12,['CoonTown'],eat
13,['CoonTown'],time
14,['CoonTown'],ve
15,['CoonTown'],good
16,['CoonTown'],work
17,['CoonTown'],weight
18,['CoonTown'],day
19,['CoonTown'],shit
20,['CoonTown'],fat
21,['CoonTown'],man
22,['CoonTown'],people
23,['CoonTown'],love
24,['CoonTown'],fatty
25,['CoonTown'],size
26,['CoonTown'],woman
27,['CoonTown'],find
28,['CoonTown'],post
29,['CoonTown'],shit
0,['Trans_fags'],fat
1,['Trans_fags'],people
2,['Trans_fags'],eat
3,['Trans_fags'],feel
4,['Trans_fags'],hate
5,['Trans_fags'],fatty
6,['Trans_fags'],weight
7,['Trans_fags'],size
8,['Trans_fags'],day
9,['Trans_fags'],person
10,['Trans_fags'],fat
11,['Trans_fags'],people
12,['Trans_fags'],black
13,['Trans_fags'],nigger
14,['Trans_fags'],woman
15,['Trans_fags'],shit
16,['Trans_fags'],ve
17,['Trans_fags'],time
18,['Trans_fags'],post
19,['Trans_fags'],bad
20,['Trans_fags'],delete
21,['Trans_fags'],people
22,['Trans_fags'],fat
23,['Trans_fags'],body
24,['Trans_fags'],good
25,['Trans_fags'],food
26,['Trans_fags'],nigger
27,['Trans_fags'],eat
28,['Trans_fags'],time
29,['Trans_fags'],love
0,['FatPersonsHate'],fat
1,['FatPersonsHate'],people
2,['FatPersonsHate'],shit
3,['FatPersonsHate'],eat
4,['FatPersonsHate'],bad
5,['FatPersonsHate'],work
6,['FatPersonsHate'],size
7,['FatPersonsHate'],day
8,['FatPersonsHate'],food
9,['FatPersonsHate'],comment
10,['FatPersonsHate'],delete
11,['FatPersonsHate'],people
12,['FatPersonsHate'],fat
13,['FatPersonsHate'],woman
14,['FatPersonsHate'],time
15,['FatPersonsHate'],eat
16,['FatPersonsHate'],guy
17,['FatPersonsHate'],man
18,['FatPersonsHate'],year
19,['FatPersonsHate'],post
20,['FatPersonsHate'],people
21,['FatPersonsHate'],fat
22,['FatPersonsHate'],nigger
23,['FatPersonsHate'],good
24,['FatPersonsHate'],eat
25,['FatPersonsHate'],ve
26,['FatPersonsHate'],hate
27,['FatPersonsHate'],body
28,['FatPersonsHate'],black
29,['FatPersonsHate'],time
30,['FatPersonsHate'],black
31,['FatPersonsHate'],feel
32,['FatPersonsHate'],white
33,['FatPersonsHate'],nigger
34,['FatPersonsHate'],fat
35,['FatPersonsHate'],people
36,['FatPersonsHate'],remove
37,['FatPersonsHate'],water
38,['FatPersonsHate'],submission
39,['FatPersonsHate'],work
0,['Incels'],fat
1,['Incels'],feel
2,['Incels'],people
3,['Incels'],bad
4,['Incels'],good
5,['Incels'],eat
6,['Incels'],time
7,['Incels'],lose
8,['Incels'],reason
9,['Incels'],comment
10,['Incels'],woman
11,['Incels'],guy
12,['Incels'],time
13,['Incels'],work
14,['Incels'],people
15,['Incels'],day
16,['Incels'],ve
17,['Incels'],good
18,['Incels'],eat
19,['Incels'],fat
20,['Incels'],delete
21,['Incels'],people
22,['Incels'],call
23,['Incels'],woman
24,['Incels'],size
25,['Incels'],man
26,['Incels'],shit
27,['Incels'],eat
28,['Incels'],girl
29,['Incels'],read
30,['Incels'],people
31,['Incels'],fat
32,['Incels'],ve
33,['Incels'],life
34,['Incels'],man
35,['Incels'],thing
36,['Incels'],woman
37,['Incels'],point
38,['Incels'],time
39,['Incels'],work
40,['Incels'],black
41,['Incels'],woman
42,['Incels'],nigger
43,['Incels'],people
44,['Incels'],time
45,['Incels'],post
46,['Incels'],white
47,['Incels'],man
48,['Incels'],year
49,['Incels'],dude
